images,masks
0_0.png,0_0_mask.png
0_1.png,0_1_mask.png
1_0.png,1_0_mask.png
1_1.png,1_1_mask.png
2_0.png,2_0_mask.png
2_1.png,2_1_mask.png
3_0.png,3_0_mask.png
3_1.png,3_1_mask.png
4_0.png,4_0_mask.png
4_1.png,4_1_mask.png
5_0.png,5_0_mask.png
5_1.png,5_1_mask.png
6_0.png,6_0_mask.png
6_1.png,6_1_mask.png
7_0.png,7_0_mask.png
7_1.png,7_1_mask.png
8_0.png,8_0_mask.png
8_1.png,8_1_mask.png
9_0.png,9_0_mask.png
9_1.png,9_1_mask.png
10_0.png,10_0_mask.png
10_1.png,10_1_mask.png
11_0.png,11_0_mask.png
11_1.png,11_1_mask.png
12_0.png,12_0_mask.png
12_1.png,12_1_mask.png
13_0.png,13_0_mask.png
13_1.png,13_1_mask.png
14_0.png,14_0_mask.png
14_1.png,14_1_mask.png
15_0.png,15_0_mask.png
15_1.png,15_1_mask.png
16_0.png,16_0_mask.png
16_1.png,16_1_mask.png
17_0.png,17_0_mask.png
17_1.png,17_1_mask.png
18_0.png,18_0_mask.png
18_1.png,18_1_mask.png
19_0.png,19_0_mask.png
19_1.png,19_1_mask.png
20_0.png,20_0_mask.png
20_1.png,20_1_mask.png
21_0.png,21_0_mask.png
21_1.png,21_1_mask.png
22_0.png,22_0_mask.png
22_1.png,22_1_mask.png
23_0.png,23_0_mask.png
23_1.png,23_1_mask.png
24_0.png,24_0_mask.png
24_1.png,24_1_mask.png
25_0.png,25_0_mask.png
25_1.png,25_1_mask.png
26_0.png,26_0_mask.png
26_1.png,26_1_mask.png
27_0.png,27_0_mask.png
27_1.png,27_1_mask.png
28_0.png,28_0_mask.png
28_1.png,28_1_mask.png
29_0.png,29_0_mask.png
29_1.png,29_1_mask.png
30_0.png,30_0_mask.png
30_1.png,30_1_mask.png
31_0.png,31_0_mask.png
31_1.png,31_1_mask.png
32_0.png,32_0_mask.png
32_1.png,32_1_mask.png
33_0.png,33_0_mask.png
33_1.png,33_1_mask.png
34_0.png,34_0_mask.png
34_1.png,34_1_mask.png
35_0.png,35_0_mask.png
35_1.png,35_1_mask.png
36_0.png,36_0_mask.png
36_1.png,36_1_mask.png
37_0.png,37_0_mask.png
37_1.png,37_1_mask.png
38_0.png,38_0_mask.png
38_1.png,38_1_mask.png
39_0.png,39_0_mask.png
39_1.png,39_1_mask.png
40_0.png,40_0_mask.png
40_1.png,40_1_mask.png
41_0.png,41_0_mask.png
41_1.png,41_1_mask.png
42_0.png,42_0_mask.png
42_1.png,42_1_mask.png
43_0.png,43_0_mask.png
43_1.png,43_1_mask.png
44_0.png,44_0_mask.png
44_1.png,44_1_mask.png
45_0.png,45_0_mask.png
45_1.png,45_1_mask.png
46_0.png,46_0_mask.png
46_1.png,46_1_mask.png
47_0.png,47_0_mask.png
47_1.png,47_1_mask.png
48_0.png,48_0_mask.png
48_1.png,48_1_mask.png
49_0.png,49_0_mask.png
49_1.png,49_1_mask.png
50_0.png,50_0_mask.png
50_1.png,50_1_mask.png
51_0.png,51_0_mask.png
51_1.png,51_1_mask.png
52_0.png,52_0_mask.png
52_1.png,52_1_mask.png
53_0.png,53_0_mask.png
53_1.png,53_1_mask.png
54_0.png,54_0_mask.png
54_1.png,54_1_mask.png
55_0.png,55_0_mask.png
55_1.png,55_1_mask.png
56_0.png,56_0_mask.png
56_1.png,56_1_mask.png
57_0.png,57_0_mask.png
57_1.png,57_1_mask.png
58_0.png,58_0_mask.png
58_1.png,58_1_mask.png
59_0.png,59_0_mask.png
59_1.png,59_1_mask.png
60_0.png,60_0_mask.png
60_1.png,60_1_mask.png
61_0.png,61_0_mask.png
61_1.png,61_1_mask.png
62_0.png,62_0_mask.png
62_1.png,62_1_mask.png
63_0.png,63_0_mask.png
63_1.png,63_1_mask.png
64_0.png,64_0_mask.png
64_1.png,64_1_mask.png
65_0.png,65_0_mask.png
65_1.png,65_1_mask.png
66_0.png,66_0_mask.png
66_1.png,66_1_mask.png
67_0.png,67_0_mask.png
67_1.png,67_1_mask.png
68_0.png,68_0_mask.png
68_1.png,68_1_mask.png
69_0.png,69_0_mask.png
69_1.png,69_1_mask.png
70_0.png,70_0_mask.png
70_1.png,70_1_mask.png
71_0.png,71_0_mask.png
71_1.png,71_1_mask.png
72_0.png,72_0_mask.png
72_1.png,72_1_mask.png
73_0.png,73_0_mask.png
73_1.png,73_1_mask.png
74_0.png,74_0_mask.png
74_1.png,74_1_mask.png
75_0.png,75_0_mask.png
75_1.png,75_1_mask.png
76_0.png,76_0_mask.png
76_1.png,76_1_mask.png
77_0.png,77_0_mask.png
77_1.png,77_1_mask.png
78_0.png,78_0_mask.png
78_1.png,78_1_mask.png
79_0.png,79_0_mask.png
79_1.png,79_1_mask.png
80_0.png,80_0_mask.png
80_1.png,80_1_mask.png
81_0.png,81_0_mask.png
81_1.png,81_1_mask.png
82_0.png,82_0_mask.png
82_1.png,82_1_mask.png
83_0.png,83_0_mask.png
83_1.png,83_1_mask.png
84_0.png,84_0_mask.png
84_1.png,84_1_mask.png
85_0.png,85_0_mask.png
85_1.png,85_1_mask.png
86_0.png,86_0_mask.png
86_1.png,86_1_mask.png
87_0.png,87_0_mask.png
87_1.png,87_1_mask.png
88_0.png,88_0_mask.png
88_1.png,88_1_mask.png
89_0.png,89_0_mask.png
89_1.png,89_1_mask.png
90_0.png,90_0_mask.png
90_1.png,90_1_mask.png
91_0.png,91_0_mask.png
91_1.png,91_1_mask.png
92_0.png,92_0_mask.png
92_1.png,92_1_mask.png
93_0.png,93_0_mask.png
93_1.png,93_1_mask.png
94_0.png,94_0_mask.png
94_1.png,94_1_mask.png
95_0.png,95_0_mask.png
95_1.png,95_1_mask.png
96_0.png,96_0_mask.png
96_1.png,96_1_mask.png
97_0.png,97_0_mask.png
97_1.png,97_1_mask.png
98_0.png,98_0_mask.png
98_1.png,98_1_mask.png
99_0.png,99_0_mask.png
99_1.png,99_1_mask.png
100_0.png,100_0_mask.png
100_1.png,100_1_mask.png
101_0.png,101_0_mask.png
101_1.png,101_1_mask.png
102_0.png,102_0_mask.png
102_1.png,102_1_mask.png
103_0.png,103_0_mask.png
103_1.png,103_1_mask.png
104_0.png,104_0_mask.png
104_1.png,104_1_mask.png
105_0.png,105_0_mask.png
105_1.png,105_1_mask.png
106_0.png,106_0_mask.png
106_1.png,106_1_mask.png
107_0.png,107_0_mask.png
107_1.png,107_1_mask.png
108_0.png,108_0_mask.png
108_1.png,108_1_mask.png
109_0.png,109_0_mask.png
109_1.png,109_1_mask.png
110_0.png,110_0_mask.png
110_1.png,110_1_mask.png
111_0.png,111_0_mask.png
111_1.png,111_1_mask.png
112_0.png,112_0_mask.png
112_1.png,112_1_mask.png
113_0.png,113_0_mask.png
113_1.png,113_1_mask.png
114_0.png,114_0_mask.png
114_1.png,114_1_mask.png
115_0.png,115_0_mask.png
115_1.png,115_1_mask.png
116_0.png,116_0_mask.png
116_1.png,116_1_mask.png
117_0.png,117_0_mask.png
117_1.png,117_1_mask.png
118_0.png,118_0_mask.png
118_1.png,118_1_mask.png
119_0.png,119_0_mask.png
119_1.png,119_1_mask.png
120_0.png,120_0_mask.png
120_1.png,120_1_mask.png
121_0.png,121_0_mask.png
121_1.png,121_1_mask.png
122_0.png,122_0_mask.png
122_1.png,122_1_mask.png
123_0.png,123_0_mask.png
123_1.png,123_1_mask.png
124_0.png,124_0_mask.png
124_1.png,124_1_mask.png
125_0.png,125_0_mask.png
125_1.png,125_1_mask.png
126_0.png,126_0_mask.png
126_1.png,126_1_mask.png
127_0.png,127_0_mask.png
127_1.png,127_1_mask.png
128_0.png,128_0_mask.png
128_1.png,128_1_mask.png
129_0.png,129_0_mask.png
129_1.png,129_1_mask.png
130_0.png,130_0_mask.png
130_1.png,130_1_mask.png
131_0.png,131_0_mask.png
131_1.png,131_1_mask.png
132_0.png,132_0_mask.png
132_1.png,132_1_mask.png
133_0.png,133_0_mask.png
133_1.png,133_1_mask.png
134_0.png,134_0_mask.png
134_1.png,134_1_mask.png
135_0.png,135_0_mask.png
135_1.png,135_1_mask.png
136_0.png,136_0_mask.png
136_1.png,136_1_mask.png
137_0.png,137_0_mask.png
137_1.png,137_1_mask.png
138_0.png,138_0_mask.png
138_1.png,138_1_mask.png
139_0.png,139_0_mask.png
139_1.png,139_1_mask.png
140_0.png,140_0_mask.png
140_1.png,140_1_mask.png
141_0.png,141_0_mask.png
141_1.png,141_1_mask.png
142_0.png,142_0_mask.png
142_1.png,142_1_mask.png
143_0.png,143_0_mask.png
143_1.png,143_1_mask.png
144_0.png,144_0_mask.png
144_1.png,144_1_mask.png
145_0.png,145_0_mask.png
145_1.png,145_1_mask.png
146_0.png,146_0_mask.png
146_1.png,146_1_mask.png
147_0.png,147_0_mask.png
147_1.png,147_1_mask.png
148_0.png,148_0_mask.png
148_1.png,148_1_mask.png
149_0.png,149_0_mask.png
149_1.png,149_1_mask.png
150_0.png,150_0_mask.png
150_1.png,150_1_mask.png
151_0.png,151_0_mask.png
151_1.png,151_1_mask.png
152_0.png,152_0_mask.png
152_1.png,152_1_mask.png
153_0.png,153_0_mask.png
153_1.png,153_1_mask.png
154_0.png,154_0_mask.png
154_1.png,154_1_mask.png
155_0.png,155_0_mask.png
155_1.png,155_1_mask.png
156_0.png,156_0_mask.png
156_1.png,156_1_mask.png
157_0.png,157_0_mask.png
157_1.png,157_1_mask.png
158_0.png,158_0_mask.png
158_1.png,158_1_mask.png
159_0.png,159_0_mask.png
159_1.png,159_1_mask.png
160_0.png,160_0_mask.png
160_1.png,160_1_mask.png
161_0.png,161_0_mask.png
161_1.png,161_1_mask.png
162_0.png,162_0_mask.png
162_1.png,162_1_mask.png
163_0.png,163_0_mask.png
163_1.png,163_1_mask.png
164_0.png,164_0_mask.png
164_1.png,164_1_mask.png
165_0.png,165_0_mask.png
165_1.png,165_1_mask.png
166_0.png,166_0_mask.png
166_1.png,166_1_mask.png
167_0.png,167_0_mask.png
167_1.png,167_1_mask.png
168_0.png,168_0_mask.png
168_1.png,168_1_mask.png
169_0.png,169_0_mask.png
169_1.png,169_1_mask.png
170_0.png,170_0_mask.png
170_1.png,170_1_mask.png
171_0.png,171_0_mask.png
171_1.png,171_1_mask.png
172_0.png,172_0_mask.png
172_1.png,172_1_mask.png
173_0.png,173_0_mask.png
173_1.png,173_1_mask.png
174_0.png,174_0_mask.png
174_1.png,174_1_mask.png
175_0.png,175_0_mask.png
175_1.png,175_1_mask.png
176_0.png,176_0_mask.png
176_1.png,176_1_mask.png
177_0.png,177_0_mask.png
177_1.png,177_1_mask.png
178_0.png,178_0_mask.png
178_1.png,178_1_mask.png
179_0.png,179_0_mask.png
179_1.png,179_1_mask.png
180_0.png,180_0_mask.png
180_1.png,180_1_mask.png
181_0.png,181_0_mask.png
181_1.png,181_1_mask.png
182_0.png,182_0_mask.png
182_1.png,182_1_mask.png
183_0.png,183_0_mask.png
183_1.png,183_1_mask.png
184_0.png,184_0_mask.png
184_1.png,184_1_mask.png
185_0.png,185_0_mask.png
185_1.png,185_1_mask.png
186_0.png,186_0_mask.png
186_1.png,186_1_mask.png
187_0.png,187_0_mask.png
187_1.png,187_1_mask.png
188_0.png,188_0_mask.png
188_1.png,188_1_mask.png
189_0.png,189_0_mask.png
189_1.png,189_1_mask.png
190_0.png,190_0_mask.png
190_1.png,190_1_mask.png
191_0.png,191_0_mask.png
191_1.png,191_1_mask.png
192_0.png,192_0_mask.png
192_1.png,192_1_mask.png
193_0.png,193_0_mask.png
193_1.png,193_1_mask.png
194_0.png,194_0_mask.png
194_1.png,194_1_mask.png
195_0.png,195_0_mask.png
195_1.png,195_1_mask.png
196_0.png,196_0_mask.png
196_1.png,196_1_mask.png
197_0.png,197_0_mask.png
197_1.png,197_1_mask.png
198_0.png,198_0_mask.png
198_1.png,198_1_mask.png
199_0.png,199_0_mask.png
199_1.png,199_1_mask.png
200_0.png,200_0_mask.png
200_1.png,200_1_mask.png
201_0.png,201_0_mask.png
201_1.png,201_1_mask.png
202_0.png,202_0_mask.png
202_1.png,202_1_mask.png
203_0.png,203_0_mask.png
203_1.png,203_1_mask.png
204_0.png,204_0_mask.png
204_1.png,204_1_mask.png
205_0.png,205_0_mask.png
205_1.png,205_1_mask.png
206_0.png,206_0_mask.png
206_1.png,206_1_mask.png
207_0.png,207_0_mask.png
207_1.png,207_1_mask.png
208_0.png,208_0_mask.png
208_1.png,208_1_mask.png
209_0.png,209_0_mask.png
209_1.png,209_1_mask.png
210_0.png,210_0_mask.png
210_1.png,210_1_mask.png
211_0.png,211_0_mask.png
211_1.png,211_1_mask.png
212_0.png,212_0_mask.png
212_1.png,212_1_mask.png
213_0.png,213_0_mask.png
213_1.png,213_1_mask.png
214_0.png,214_0_mask.png
214_1.png,214_1_mask.png
215_0.png,215_0_mask.png
215_1.png,215_1_mask.png
216_0.png,216_0_mask.png
216_1.png,216_1_mask.png
217_0.png,217_0_mask.png
217_1.png,217_1_mask.png
218_0.png,218_0_mask.png
218_1.png,218_1_mask.png
219_0.png,219_0_mask.png
219_1.png,219_1_mask.png
220_0.png,220_0_mask.png
220_1.png,220_1_mask.png
221_0.png,221_0_mask.png
221_1.png,221_1_mask.png
222_0.png,222_0_mask.png
222_1.png,222_1_mask.png
223_0.png,223_0_mask.png
223_1.png,223_1_mask.png
224_0.png,224_0_mask.png
224_1.png,224_1_mask.png
225_0.png,225_0_mask.png
225_1.png,225_1_mask.png
226_0.png,226_0_mask.png
226_1.png,226_1_mask.png
227_0.png,227_0_mask.png
227_1.png,227_1_mask.png
228_0.png,228_0_mask.png
228_1.png,228_1_mask.png
229_0.png,229_0_mask.png
229_1.png,229_1_mask.png
230_0.png,230_0_mask.png
230_1.png,230_1_mask.png
231_0.png,231_0_mask.png
231_1.png,231_1_mask.png
232_0.png,232_0_mask.png
232_1.png,232_1_mask.png
233_0.png,233_0_mask.png
233_1.png,233_1_mask.png
234_0.png,234_0_mask.png
234_1.png,234_1_mask.png
235_0.png,235_0_mask.png
235_1.png,235_1_mask.png
236_0.png,236_0_mask.png
236_1.png,236_1_mask.png
237_0.png,237_0_mask.png
237_1.png,237_1_mask.png
238_0.png,238_0_mask.png
238_1.png,238_1_mask.png
239_0.png,239_0_mask.png
239_1.png,239_1_mask.png
240_0.png,240_0_mask.png
240_1.png,240_1_mask.png
241_0.png,241_0_mask.png
241_1.png,241_1_mask.png
242_0.png,242_0_mask.png
242_1.png,242_1_mask.png
243_0.png,243_0_mask.png
243_1.png,243_1_mask.png
244_0.png,244_0_mask.png
244_1.png,244_1_mask.png
245_0.png,245_0_mask.png
245_1.png,245_1_mask.png
246_0.png,246_0_mask.png
246_1.png,246_1_mask.png
247_0.png,247_0_mask.png
247_1.png,247_1_mask.png
248_0.png,248_0_mask.png
248_1.png,248_1_mask.png
249_0.png,249_0_mask.png
249_1.png,249_1_mask.png
250_0.png,250_0_mask.png
250_1.png,250_1_mask.png
251_0.png,251_0_mask.png
251_1.png,251_1_mask.png
252_0.png,252_0_mask.png
252_1.png,252_1_mask.png
253_0.png,253_0_mask.png
253_1.png,253_1_mask.png
254_0.png,254_0_mask.png
254_1.png,254_1_mask.png
255_0.png,255_0_mask.png
255_1.png,255_1_mask.png
256_0.png,256_0_mask.png
256_1.png,256_1_mask.png
257_0.png,257_0_mask.png
257_1.png,257_1_mask.png
258_0.png,258_0_mask.png
258_1.png,258_1_mask.png
259_0.png,259_0_mask.png
259_1.png,259_1_mask.png
260_0.png,260_0_mask.png
260_1.png,260_1_mask.png
261_0.png,261_0_mask.png
261_1.png,261_1_mask.png
262_0.png,262_0_mask.png
262_1.png,262_1_mask.png
263_0.png,263_0_mask.png
263_1.png,263_1_mask.png
264_0.png,264_0_mask.png
264_1.png,264_1_mask.png
265_0.png,265_0_mask.png
265_1.png,265_1_mask.png
266_0.png,266_0_mask.png
266_1.png,266_1_mask.png
267_0.png,267_0_mask.png
267_1.png,267_1_mask.png
268_0.png,268_0_mask.png
268_1.png,268_1_mask.png
269_0.png,269_0_mask.png
269_1.png,269_1_mask.png
270_0.png,270_0_mask.png
270_1.png,270_1_mask.png
271_0.png,271_0_mask.png
271_1.png,271_1_mask.png
272_0.png,272_0_mask.png
272_1.png,272_1_mask.png
273_0.png,273_0_mask.png
273_1.png,273_1_mask.png
274_0.png,274_0_mask.png
274_1.png,274_1_mask.png
275_0.png,275_0_mask.png
275_1.png,275_1_mask.png
276_0.png,276_0_mask.png
276_1.png,276_1_mask.png
277_0.png,277_0_mask.png
277_1.png,277_1_mask.png
278_0.png,278_0_mask.png
278_1.png,278_1_mask.png
279_0.png,279_0_mask.png
279_1.png,279_1_mask.png
280_0.png,280_0_mask.png
280_1.png,280_1_mask.png
281_0.png,281_0_mask.png
281_1.png,281_1_mask.png
282_0.png,282_0_mask.png
282_1.png,282_1_mask.png
283_0.png,283_0_mask.png
283_1.png,283_1_mask.png
284_0.png,284_0_mask.png
284_1.png,284_1_mask.png
285_0.png,285_0_mask.png
285_1.png,285_1_mask.png
286_0.png,286_0_mask.png
286_1.png,286_1_mask.png
287_0.png,287_0_mask.png
287_1.png,287_1_mask.png
288_0.png,288_0_mask.png
288_1.png,288_1_mask.png
289_0.png,289_0_mask.png
289_1.png,289_1_mask.png
290_0.png,290_0_mask.png
290_1.png,290_1_mask.png
291_0.png,291_0_mask.png
291_1.png,291_1_mask.png
292_0.png,292_0_mask.png
292_1.png,292_1_mask.png
293_0.png,293_0_mask.png
293_1.png,293_1_mask.png
294_0.png,294_0_mask.png
294_1.png,294_1_mask.png
295_0.png,295_0_mask.png
295_1.png,295_1_mask.png
296_0.png,296_0_mask.png
296_1.png,296_1_mask.png
297_0.png,297_0_mask.png
297_1.png,297_1_mask.png
298_0.png,298_0_mask.png
298_1.png,298_1_mask.png
299_0.png,299_0_mask.png
299_1.png,299_1_mask.png
300_0.png,300_0_mask.png
300_1.png,300_1_mask.png
301_0.png,301_0_mask.png
301_1.png,301_1_mask.png
302_0.png,302_0_mask.png
302_1.png,302_1_mask.png
303_0.png,303_0_mask.png
303_1.png,303_1_mask.png
304_0.png,304_0_mask.png
304_1.png,304_1_mask.png
305_0.png,305_0_mask.png
305_1.png,305_1_mask.png
306_0.png,306_0_mask.png
306_1.png,306_1_mask.png
307_0.png,307_0_mask.png
307_1.png,307_1_mask.png
308_0.png,308_0_mask.png
308_1.png,308_1_mask.png
309_0.png,309_0_mask.png
309_1.png,309_1_mask.png
310_0.png,310_0_mask.png
310_1.png,310_1_mask.png
311_0.png,311_0_mask.png
311_1.png,311_1_mask.png
312_0.png,312_0_mask.png
312_1.png,312_1_mask.png
313_0.png,313_0_mask.png
313_1.png,313_1_mask.png
314_0.png,314_0_mask.png
314_1.png,314_1_mask.png
315_0.png,315_0_mask.png
315_1.png,315_1_mask.png
316_0.png,316_0_mask.png
316_1.png,316_1_mask.png
317_0.png,317_0_mask.png
317_1.png,317_1_mask.png
318_0.png,318_0_mask.png
318_1.png,318_1_mask.png
319_0.png,319_0_mask.png
319_1.png,319_1_mask.png
320_0.png,320_0_mask.png
320_1.png,320_1_mask.png
321_0.png,321_0_mask.png
321_1.png,321_1_mask.png
322_0.png,322_0_mask.png
322_1.png,322_1_mask.png
323_0.png,323_0_mask.png
323_1.png,323_1_mask.png
324_0.png,324_0_mask.png
324_1.png,324_1_mask.png
325_0.png,325_0_mask.png
325_1.png,325_1_mask.png
326_0.png,326_0_mask.png
326_1.png,326_1_mask.png
327_0.png,327_0_mask.png
327_1.png,327_1_mask.png
328_0.png,328_0_mask.png
328_1.png,328_1_mask.png
329_0.png,329_0_mask.png
329_1.png,329_1_mask.png
330_0.png,330_0_mask.png
330_1.png,330_1_mask.png
331_0.png,331_0_mask.png
331_1.png,331_1_mask.png
332_0.png,332_0_mask.png
332_1.png,332_1_mask.png
333_0.png,333_0_mask.png
333_1.png,333_1_mask.png
334_0.png,334_0_mask.png
334_1.png,334_1_mask.png
335_0.png,335_0_mask.png
335_1.png,335_1_mask.png
336_0.png,336_0_mask.png
336_1.png,336_1_mask.png
337_0.png,337_0_mask.png
337_1.png,337_1_mask.png
338_0.png,338_0_mask.png
338_1.png,338_1_mask.png
339_0.png,339_0_mask.png
339_1.png,339_1_mask.png
340_0.png,340_0_mask.png
340_1.png,340_1_mask.png
341_0.png,341_0_mask.png
341_1.png,341_1_mask.png
342_0.png,342_0_mask.png
342_1.png,342_1_mask.png
343_0.png,343_0_mask.png
343_1.png,343_1_mask.png
344_0.png,344_0_mask.png
344_1.png,344_1_mask.png
345_0.png,345_0_mask.png
345_1.png,345_1_mask.png
346_0.png,346_0_mask.png
346_1.png,346_1_mask.png
347_0.png,347_0_mask.png
347_1.png,347_1_mask.png
348_0.png,348_0_mask.png
348_1.png,348_1_mask.png
349_0.png,349_0_mask.png
349_1.png,349_1_mask.png
350_0.png,350_0_mask.png
350_1.png,350_1_mask.png
351_0.png,351_0_mask.png
351_1.png,351_1_mask.png
352_0.png,352_0_mask.png
352_1.png,352_1_mask.png
353_0.png,353_0_mask.png
353_1.png,353_1_mask.png
354_0.png,354_0_mask.png
354_1.png,354_1_mask.png
355_0.png,355_0_mask.png
355_1.png,355_1_mask.png
356_0.png,356_0_mask.png
356_1.png,356_1_mask.png
357_0.png,357_0_mask.png
357_1.png,357_1_mask.png
358_0.png,358_0_mask.png
358_1.png,358_1_mask.png
359_0.png,359_0_mask.png
359_1.png,359_1_mask.png
360_0.png,360_0_mask.png
360_1.png,360_1_mask.png
361_0.png,361_0_mask.png
361_1.png,361_1_mask.png
362_0.png,362_0_mask.png
362_1.png,362_1_mask.png
363_0.png,363_0_mask.png
363_1.png,363_1_mask.png
364_0.png,364_0_mask.png
364_1.png,364_1_mask.png
365_0.png,365_0_mask.png
365_1.png,365_1_mask.png
366_0.png,366_0_mask.png
366_1.png,366_1_mask.png
367_0.png,367_0_mask.png
367_1.png,367_1_mask.png
368_0.png,368_0_mask.png
368_1.png,368_1_mask.png
369_0.png,369_0_mask.png
369_1.png,369_1_mask.png
370_0.png,370_0_mask.png
370_1.png,370_1_mask.png
371_0.png,371_0_mask.png
371_1.png,371_1_mask.png
372_0.png,372_0_mask.png
372_1.png,372_1_mask.png
373_0.png,373_0_mask.png
373_1.png,373_1_mask.png
374_0.png,374_0_mask.png
374_1.png,374_1_mask.png
375_0.png,375_0_mask.png
375_1.png,375_1_mask.png
376_0.png,376_0_mask.png
376_1.png,376_1_mask.png
377_0.png,377_0_mask.png
377_1.png,377_1_mask.png
378_0.png,378_0_mask.png
378_1.png,378_1_mask.png
379_0.png,379_0_mask.png
379_1.png,379_1_mask.png
380_0.png,380_0_mask.png
380_1.png,380_1_mask.png
381_0.png,381_0_mask.png
381_1.png,381_1_mask.png
382_0.png,382_0_mask.png
382_1.png,382_1_mask.png
383_0.png,383_0_mask.png
383_1.png,383_1_mask.png
384_0.png,384_0_mask.png
384_1.png,384_1_mask.png
385_0.png,385_0_mask.png
385_1.png,385_1_mask.png
386_0.png,386_0_mask.png
386_1.png,386_1_mask.png
387_0.png,387_0_mask.png
387_1.png,387_1_mask.png
388_0.png,388_0_mask.png
388_1.png,388_1_mask.png
389_0.png,389_0_mask.png
389_1.png,389_1_mask.png
390_0.png,390_0_mask.png
390_1.png,390_1_mask.png
391_0.png,391_0_mask.png
391_1.png,391_1_mask.png
392_0.png,392_0_mask.png
392_1.png,392_1_mask.png
393_0.png,393_0_mask.png
393_1.png,393_1_mask.png
394_0.png,394_0_mask.png
394_1.png,394_1_mask.png
395_0.png,395_0_mask.png
395_1.png,395_1_mask.png
396_0.png,396_0_mask.png
396_1.png,396_1_mask.png
397_0.png,397_0_mask.png
397_1.png,397_1_mask.png
398_0.png,398_0_mask.png
398_1.png,398_1_mask.png
399_0.png,399_0_mask.png
399_1.png,399_1_mask.png
400_0.png,400_0_mask.png
400_1.png,400_1_mask.png
401_0.png,401_0_mask.png
401_1.png,401_1_mask.png
402_0.png,402_0_mask.png
402_1.png,402_1_mask.png
403_0.png,403_0_mask.png
403_1.png,403_1_mask.png
404_0.png,404_0_mask.png
404_1.png,404_1_mask.png
405_0.png,405_0_mask.png
405_1.png,405_1_mask.png
406_0.png,406_0_mask.png
406_1.png,406_1_mask.png
407_0.png,407_0_mask.png
407_1.png,407_1_mask.png
408_0.png,408_0_mask.png
408_1.png,408_1_mask.png
409_0.png,409_0_mask.png
409_1.png,409_1_mask.png
410_0.png,410_0_mask.png
410_1.png,410_1_mask.png
411_0.png,411_0_mask.png
411_1.png,411_1_mask.png
412_0.png,412_0_mask.png
412_1.png,412_1_mask.png
413_0.png,413_0_mask.png
413_1.png,413_1_mask.png
414_0.png,414_0_mask.png
414_1.png,414_1_mask.png
415_0.png,415_0_mask.png
415_1.png,415_1_mask.png
416_0.png,416_0_mask.png
416_1.png,416_1_mask.png
417_0.png,417_0_mask.png
417_1.png,417_1_mask.png
418_0.png,418_0_mask.png
418_1.png,418_1_mask.png
419_0.png,419_0_mask.png
419_1.png,419_1_mask.png
420_0.png,420_0_mask.png
420_1.png,420_1_mask.png
421_0.png,421_0_mask.png
421_1.png,421_1_mask.png
422_0.png,422_0_mask.png
422_1.png,422_1_mask.png
423_0.png,423_0_mask.png
423_1.png,423_1_mask.png
424_0.png,424_0_mask.png
424_1.png,424_1_mask.png
425_0.png,425_0_mask.png
425_1.png,425_1_mask.png
426_0.png,426_0_mask.png
426_1.png,426_1_mask.png
427_0.png,427_0_mask.png
427_1.png,427_1_mask.png
428_0.png,428_0_mask.png
428_1.png,428_1_mask.png
429_0.png,429_0_mask.png
429_1.png,429_1_mask.png
430_0.png,430_0_mask.png
430_1.png,430_1_mask.png
431_0.png,431_0_mask.png
431_1.png,431_1_mask.png
432_0.png,432_0_mask.png
432_1.png,432_1_mask.png
433_0.png,433_0_mask.png
433_1.png,433_1_mask.png
434_0.png,434_0_mask.png
434_1.png,434_1_mask.png
435_0.png,435_0_mask.png
435_1.png,435_1_mask.png
436_0.png,436_0_mask.png
436_1.png,436_1_mask.png
437_0.png,437_0_mask.png
437_1.png,437_1_mask.png
438_0.png,438_0_mask.png
438_1.png,438_1_mask.png
439_0.png,439_0_mask.png
439_1.png,439_1_mask.png
440_0.png,440_0_mask.png
440_1.png,440_1_mask.png
441_0.png,441_0_mask.png
441_1.png,441_1_mask.png
442_0.png,442_0_mask.png
442_1.png,442_1_mask.png
443_0.png,443_0_mask.png
443_1.png,443_1_mask.png
444_0.png,444_0_mask.png
444_1.png,444_1_mask.png
445_0.png,445_0_mask.png
445_1.png,445_1_mask.png
446_0.png,446_0_mask.png
446_1.png,446_1_mask.png
447_0.png,447_0_mask.png
447_1.png,447_1_mask.png
448_0.png,448_0_mask.png
448_1.png,448_1_mask.png
449_0.png,449_0_mask.png
449_1.png,449_1_mask.png
450_0.png,450_0_mask.png
450_1.png,450_1_mask.png
451_0.png,451_0_mask.png
451_1.png,451_1_mask.png
452_0.png,452_0_mask.png
452_1.png,452_1_mask.png
453_0.png,453_0_mask.png
453_1.png,453_1_mask.png
454_0.png,454_0_mask.png
454_1.png,454_1_mask.png
455_0.png,455_0_mask.png
455_1.png,455_1_mask.png
456_0.png,456_0_mask.png
456_1.png,456_1_mask.png
457_0.png,457_0_mask.png
457_1.png,457_1_mask.png
458_0.png,458_0_mask.png
458_1.png,458_1_mask.png
459_0.png,459_0_mask.png
459_1.png,459_1_mask.png
460_0.png,460_0_mask.png
460_1.png,460_1_mask.png
461_0.png,461_0_mask.png
461_1.png,461_1_mask.png
462_0.png,462_0_mask.png
462_1.png,462_1_mask.png
463_0.png,463_0_mask.png
463_1.png,463_1_mask.png
464_0.png,464_0_mask.png
464_1.png,464_1_mask.png
465_0.png,465_0_mask.png
465_1.png,465_1_mask.png
466_0.png,466_0_mask.png
466_1.png,466_1_mask.png
467_0.png,467_0_mask.png
467_1.png,467_1_mask.png
468_0.png,468_0_mask.png
468_1.png,468_1_mask.png
469_0.png,469_0_mask.png
469_1.png,469_1_mask.png
470_0.png,470_0_mask.png
470_1.png,470_1_mask.png
471_0.png,471_0_mask.png
471_1.png,471_1_mask.png
472_0.png,472_0_mask.png
472_1.png,472_1_mask.png
473_0.png,473_0_mask.png
473_1.png,473_1_mask.png
474_0.png,474_0_mask.png
474_1.png,474_1_mask.png
475_0.png,475_0_mask.png
475_1.png,475_1_mask.png
476_0.png,476_0_mask.png
476_1.png,476_1_mask.png
477_0.png,477_0_mask.png
477_1.png,477_1_mask.png
478_0.png,478_0_mask.png
478_1.png,478_1_mask.png
479_0.png,479_0_mask.png
479_1.png,479_1_mask.png
480_0.png,480_0_mask.png
480_1.png,480_1_mask.png
481_0.png,481_0_mask.png
481_1.png,481_1_mask.png
482_0.png,482_0_mask.png
482_1.png,482_1_mask.png
483_0.png,483_0_mask.png
483_1.png,483_1_mask.png
484_0.png,484_0_mask.png
484_1.png,484_1_mask.png
485_0.png,485_0_mask.png
485_1.png,485_1_mask.png
486_0.png,486_0_mask.png
486_1.png,486_1_mask.png
487_0.png,487_0_mask.png
487_1.png,487_1_mask.png
488_0.png,488_0_mask.png
488_1.png,488_1_mask.png
489_0.png,489_0_mask.png
489_1.png,489_1_mask.png
490_0.png,490_0_mask.png
490_1.png,490_1_mask.png
491_0.png,491_0_mask.png
491_1.png,491_1_mask.png
492_0.png,492_0_mask.png
492_1.png,492_1_mask.png
493_0.png,493_0_mask.png
493_1.png,493_1_mask.png
494_0.png,494_0_mask.png
494_1.png,494_1_mask.png
495_0.png,495_0_mask.png
495_1.png,495_1_mask.png
496_0.png,496_0_mask.png
496_1.png,496_1_mask.png
497_0.png,497_0_mask.png
497_1.png,497_1_mask.png
498_0.png,498_0_mask.png
498_1.png,498_1_mask.png
499_0.png,499_0_mask.png
499_1.png,499_1_mask.png
500_0.png,500_0_mask.png
500_1.png,500_1_mask.png
501_0.png,501_0_mask.png
501_1.png,501_1_mask.png
502_0.png,502_0_mask.png
502_1.png,502_1_mask.png
503_0.png,503_0_mask.png
503_1.png,503_1_mask.png
504_0.png,504_0_mask.png
504_1.png,504_1_mask.png
505_0.png,505_0_mask.png
505_1.png,505_1_mask.png
506_0.png,506_0_mask.png
506_1.png,506_1_mask.png
507_0.png,507_0_mask.png
507_1.png,507_1_mask.png
508_0.png,508_0_mask.png
508_1.png,508_1_mask.png
509_0.png,509_0_mask.png
509_1.png,509_1_mask.png
510_0.png,510_0_mask.png
510_1.png,510_1_mask.png
511_0.png,511_0_mask.png
511_1.png,511_1_mask.png
512_0.png,512_0_mask.png
512_1.png,512_1_mask.png
513_0.png,513_0_mask.png
513_1.png,513_1_mask.png
514_0.png,514_0_mask.png
514_1.png,514_1_mask.png
515_0.png,515_0_mask.png
515_1.png,515_1_mask.png
516_0.png,516_0_mask.png
516_1.png,516_1_mask.png
517_0.png,517_0_mask.png
517_1.png,517_1_mask.png
518_0.png,518_0_mask.png
518_1.png,518_1_mask.png
519_0.png,519_0_mask.png
519_1.png,519_1_mask.png
520_0.png,520_0_mask.png
520_1.png,520_1_mask.png
521_0.png,521_0_mask.png
521_1.png,521_1_mask.png
522_0.png,522_0_mask.png
522_1.png,522_1_mask.png
523_0.png,523_0_mask.png
523_1.png,523_1_mask.png
524_0.png,524_0_mask.png
524_1.png,524_1_mask.png
525_0.png,525_0_mask.png
525_1.png,525_1_mask.png
526_0.png,526_0_mask.png
526_1.png,526_1_mask.png
527_0.png,527_0_mask.png
527_1.png,527_1_mask.png
528_0.png,528_0_mask.png
528_1.png,528_1_mask.png
529_0.png,529_0_mask.png
529_1.png,529_1_mask.png
530_0.png,530_0_mask.png
530_1.png,530_1_mask.png
531_0.png,531_0_mask.png
531_1.png,531_1_mask.png
532_0.png,532_0_mask.png
532_1.png,532_1_mask.png
533_0.png,533_0_mask.png
533_1.png,533_1_mask.png
534_0.png,534_0_mask.png
534_1.png,534_1_mask.png
535_0.png,535_0_mask.png
535_1.png,535_1_mask.png
536_0.png,536_0_mask.png
536_1.png,536_1_mask.png
537_0.png,537_0_mask.png
537_1.png,537_1_mask.png
538_0.png,538_0_mask.png
538_1.png,538_1_mask.png
539_0.png,539_0_mask.png
539_1.png,539_1_mask.png
540_0.png,540_0_mask.png
540_1.png,540_1_mask.png
541_0.png,541_0_mask.png
541_1.png,541_1_mask.png
542_0.png,542_0_mask.png
542_1.png,542_1_mask.png
543_0.png,543_0_mask.png
543_1.png,543_1_mask.png
544_0.png,544_0_mask.png
544_1.png,544_1_mask.png
545_0.png,545_0_mask.png
545_1.png,545_1_mask.png
546_0.png,546_0_mask.png
546_1.png,546_1_mask.png
547_0.png,547_0_mask.png
547_1.png,547_1_mask.png
548_0.png,548_0_mask.png
548_1.png,548_1_mask.png
549_0.png,549_0_mask.png
549_1.png,549_1_mask.png
550_0.png,550_0_mask.png
550_1.png,550_1_mask.png
